<?xml version="1.0" encoding="ISO-8859-1"?>
<current_observation version="1.0" xmlns:xsd="http://www.w3.org/2001/XMLSchema" xmlns:xsi="http://www.w3.org/2001/XMLSchema-instance" xsi:noNamespaceSchemaLocation="http://www.weather.gov/xml/current_obs/current_observation.xsd">
	<credit>NOAA's National Weather Service</credit>
	<credit_URL>http://weather.gov/</credit_URL>
	<image>
		<url>http://weather.gov/images/xml_logo.gif</url>
		<title>NOAA's National Weather Service</title>
		<link>http://weather.gov</link>
	</image>
	<suggested_pickup>15 minutes after the hour</suggested_pickup>
	<suggested_pickup_period>60</suggested_pickup_period>
	<location>Baltimore-Washington International Airport, MD</location>
	<station_id>KBWI</station_id>
        <latitude>39.19</latitude>
        <longitude>-76.67</longitude>
	<observation_time>Last Updated on Oct 19, 2:54 pm EDT</observation_time>
	<observation_time_rfc822>Sun, 19 Oct 2008 14:54:00 -0400 EDT</observation_time_rfc822>
        <weather>Partly Cloudy</weather>
        <temperature_string>57 F (14 C)</temperature_string>
        <temp_f>57</temp_f>
        <temp_c>14</temp_c>
        <relative_humidity>32</relative_humidity>
        <wind_string>From the Northeast at 10 Gusting to 22 MPH</wind_string>
        <wind_dir>Northeast</wind_dir>
        <wind_degrees>50</wind_degrees>
        <wind_mph>10.35</wind_mph>
        <wind_gust_mph>22</wind_gust_mph>
        <pressure_string>30.33" (1027.0 mb)</pressure_string>
        <pressure_mb>1027.0</pressure_mb>
        <pressure_in>30.33</pressure_in>
        <dewpoint_string>27 F (-3 C)</dewpoint_string>
        <dewpoint_f>27</dewpoint_f>
        <dewpoint_c>-3</dewpoint_c> 
        <heat_index_string>NA</heat_index_string>         
        <heat_index_f>NA</heat_index_f>
        <heat_index_c>NA</heat_index_c>
      	<windchill_string>55 F (13 C)</windchill_string>
      	<windchill_f>55</windchill_f>
      	<windchill_c>13</windchill_c>
	<visibility_mi>10.00</visibility_mi>
 	<icon_url_base>http://weather.gov/weather/images/fcicons/</icon_url_base>	
	<icon_url_name>sct.jpg</icon_url_name>
	<two_day_history_url>http://www.weather.gov/data/obhistory/KBWI.html</two_day_history_url>
	<ob_url>http://www.nws.noaa.gov/data/METAR/KBWI.1.txt</ob_url>
	<disclaimer_url>http://weather.gov/disclaimer.html</disclaimer_url>
	<copyright_url>http://weather.gov/disclaimer.html</copyright_url>
	<privacy_policy_url>http://weather.gov/notice.html</privacy_policy_url>
</current_observation>